City_ID,City,Country,Date,Lat,Lng,Max Temp,Humidity,Cloudiness,Wind Speed
0,Trinidad,BO,2020-08-24 00:20:57,-14.83,-64.9,72.05,49,0,3.76
1,Rupert,US,2020-08-24 00:20:57,42.62,-113.68,93.2,16,1,4.7
2,Westport,US,2020-08-24 00:19:41,41.14,-73.36,77.0,86,43,8.28
3,Punta Arenas,CL,2020-08-24 00:14:09,-53.15,-70.92,33.8,80,75,23.04
4,Ponta Do Sol,PT,2020-08-24 00:16:34,32.67,-17.1,75.2,64,20,19.46
5,Barrow,US,2020-08-24 00:15:30,71.29,-156.79,46.4,75,1,8.05
6,Saskylakh,RU,2020-08-24 00:15:23,71.92,114.08,48.06,65,0,10.04
7,Ushuaia,AR,2020-08-24 00:14:55,-54.8,-68.3,32.0,93,75,14.99
8,Hilo,US,2020-08-24 00:13:21,19.73,-155.09,82.0,74,90,6.76
9,Mataura,NZ,2020-08-24 00:15:19,-46.19,168.86,55.99,79,12,5.99
10,Airai,TL,2020-08-24 00:10:59,-8.93,125.41,67.8,39,38,6.08
11,Castro,BR,2020-08-24 00:15:55,-24.79,-50.01,47.32,95,15,10.0
12,Hirado,JP,2020-08-24 00:20:59,33.36,129.55,84.0,83,20,11.41
13,Iqaluit,CA,2020-08-24 00:15:38,63.75,-68.51,44.6,81,40,5.82
14,Araouane,ML,2020-08-24 00:21:01,18.9,-3.53,95.59,31,2,13.91
15,Yellowknife,CA,2020-08-24 00:15:09,62.46,-114.35,63.0,48,20,2.24
16,Jamestown,US,2020-08-24 00:14:49,42.1,-79.24,78.01,69,1,4.7
17,Carnarvon,AU,2020-08-24 00:15:47,-24.87,113.63,59.0,82,0,13.87
18,Da Nang,VN,2020-08-24 00:21:02,16.07,108.22,80.6,88,40,1.12
19,Hermanus,ZA,2020-08-24 00:15:09,-34.42,19.23,55.0,95,100,5.82
20,Santa Fe,AR,2020-08-24 00:18:18,-31.63,-60.7,64.0,48,0,5.99
21,Saldanha,ZA,2020-08-24 00:21:02,-33.01,17.94,51.8,87,65,4.7
22,Saint Anthony,US,2020-08-24 00:11:18,45.02,-93.22,87.8,45,5,6.93
23,Port Alfred,ZA,2020-08-24 00:14:58,-33.59,26.89,57.49,81,68,10.58
24,Oranjemund,NA,2020-08-24 00:15:00,-28.55,16.43,52.54,93,16,5.14
25,Dunedin,NZ,2020-08-24 00:16:18,-45.87,170.5,50.0,92,100,1.99
26,Kozhevnikovo,RU,2020-08-24 00:21:03,56.26,83.97,53.01,93,1,4.09
27,Leningradskiy,RU,2020-08-24 00:11:27,69.38,178.42,44.26,86,98,12.62
28,Mantua,IT,2020-08-24 00:21:04,45.17,10.78,68.0,91,41,1.01
29,Rikitea,PF,2020-08-24 00:14:50,-23.12,-134.97,70.75,84,79,20.29
30,Albany,US,2020-08-24 00:14:01,42.6,-73.97,71.01,91,23,3.36
31,Mikuni,JP,2020-08-24 00:21:04,36.22,136.15,82.4,74,20,1.12
32,Dikson,RU,2020-08-24 00:15:01,73.51,80.55,45.19,83,0,10.49
33,Asau,RO,2020-08-24 00:16:07,46.43,26.4,66.0,85,40,4.12
34,Iquitos,PE,2020-08-24 00:21:05,-3.75,-73.25,69.8,88,90,2.24
35,Thompson,CA,2020-08-24 00:15:30,55.74,-97.86,55.4,93,90,3.36
36,Atuona,PF,2020-08-24 00:15:03,-9.8,-139.03,78.26,78,2,15.46
37,Ejea De Los Caballeros,ES,2020-08-24 00:21:06,42.13,-1.14,64.4,68,63,19.46
38,Hobart,AU,2020-08-24 00:10:55,-42.88,147.33,48.99,57,20,10.29
39,Plettenberg Bay,ZA,2020-08-24 00:14:50,-34.05,23.37,58.68,77,99,4.79
40,Nishihara,JP,2020-08-24 00:21:06,26.18,127.76,80.01,100,75,39.15
41,Sao Filipe,CV,2020-08-24 00:16:43,14.9,-24.5,79.11,84,77,7.85
42,Honningsvag,NO,2020-08-24 00:21:07,70.98,25.97,52.74,94,98,15.23
43,Neepawa,CA,2020-08-24 00:21:08,50.23,-99.47,77.0,36,40,4.7
44,Ribeira Grande,PT,2020-08-24 00:14:57,38.52,-28.7,73.35,89,3,10.36
45,Noumea,NC,2020-08-24 00:15:27,-22.28,166.46,73.0,88,90,2.24
46,Tucuma,BR,2020-08-24 00:19:06,-0.18,-50.05,78.12,88,58,9.71
47,Petropavlovsk-Kamchatskiy,RU,2020-08-24 00:13:11,53.05,158.65,60.8,77,40,8.95
48,Geraldton,AU,2020-08-24 00:14:57,-28.77,114.6,46.4,93,0,9.17
49,Le Port,RE,2020-08-24 00:21:09,-20.94,55.29,68.0,60,1,12.75
50,Busselton,AU,2020-08-24 00:10:56,-33.65,115.33,46.0,86,0,5.01
51,Hualmay,PE,2020-08-24 00:16:23,-11.1,-77.61,60.46,82,9,9.17
52,Reyes,BO,2020-08-24 00:21:10,-14.32,-67.38,66.96,68,0,0.74
53,Vardo,NO,2020-08-24 00:16:17,70.37,31.11,51.8,93,40,2.24
54,Wagar,SD,2020-08-24 00:21:10,16.15,36.2,82.56,67,89,19.51
55,Hay River,CA,2020-08-24 00:21:10,60.82,-115.8,57.2,76,75,9.17
56,Taltal,CL,2020-08-24 00:21:11,-25.4,-70.48,51.57,77,28,0.96
57,Bethel,US,2020-08-24 00:10:56,41.37,-73.41,80.6,57,1,6.93
58,Miracema Do Tocantins,BR,2020-08-24 00:21:11,-9.56,-48.4,80.17,42,20,2.08
59,Saint-Leu,RE,2020-08-24 00:21:12,-21.15,55.28,68.0,59,2,6.93
60,Khatanga,RU,2020-08-24 00:15:26,71.97,102.5,59.31,62,98,10.11
61,Ornskoldsvik,SE,2020-08-24 00:20:44,63.29,18.72,51.8,76,91,9.17
62,Koulikoro,ML,2020-08-24 00:21:13,14.0,-7.75,76.19,83,5,8.5
63,Constitucion,CL,2020-08-24 00:16:20,-35.33,-72.42,51.94,79,100,14.27
64,Vila Velha,BR,2020-08-24 00:11:23,-20.33,-40.29,68.0,72,40,11.41
65,Hami,CN,2020-08-24 00:14:14,42.8,93.45,77.97,25,82,3.36
66,Bengkulu,ID,2020-08-24 00:15:40,-3.8,102.27,75.88,85,99,4.27
67,Evensk,RU,2020-08-24 00:11:36,61.95,159.23,51.33,48,97,6.26
68,San Patricio,MX,2020-08-24 00:16:42,19.22,-104.7,87.8,74,75,11.41
69,Clyde River,CA,2020-08-24 00:14:56,70.47,-68.59,42.08,87,100,4.27
70,Argelia,CO,2020-08-24 00:21:16,2.26,-77.25,67.98,77,79,2.73
71,Northam,GB,2020-08-24 00:15:24,51.03,-4.22,61.0,94,92,7.0
72,Tilbury,GB,2020-08-24 00:21:17,51.46,0.36,61.0,74,86,7.0
73,Hithadhoo,MV,2020-08-24 00:15:15,-0.6,73.08,82.62,79,70,12.93
74,Nadym,RU,2020-08-24 00:18:08,65.53,72.52,49.41,89,38,12.68
75,Provideniya,RU,2020-08-24 00:15:30,64.38,-173.3,53.6,76,90,6.71
76,Nurobod,UZ,2020-08-24 00:21:17,40.91,69.8,82.4,30,19,6.93
77,Kapaa,US,2020-08-24 00:15:10,22.08,-159.32,87.8,62,20,14.99
78,Envira,BR,2020-08-24 00:21:18,-7.3,-70.22,71.28,69,5,1.34
79,Lompoc,US,2020-08-24 00:14:41,34.64,-120.46,77.0,69,1,12.75
80,Kota,IN,2020-08-24 00:21:18,25.18,75.83,77.61,86,51,11.72
81,Cap-Aux-Meules,CA,2020-08-24 00:21:19,47.38,-61.86,66.2,82,75,10.29
82,Natal,BR,2020-08-24 00:16:21,-5.79,-35.21,77.0,73,71,11.41
83,Pontianak,ID,2020-08-24 00:16:30,-0.03,109.33,76.87,91,87,2.46
84,Mount Gambier,AU,2020-08-24 00:11:20,-37.83,140.77,44.6,93,90,5.82
85,Tasiilaq,GL,2020-08-24 00:14:52,65.61,-37.64,37.4,100,0,1.12
86,Harlingen,US,2020-08-24 00:16:58,26.19,-97.7,87.8,58,1,13.87
87,Naze,JP,2020-08-24 00:14:30,28.37,129.48,87.8,79,75,20.8
88,Jingdezhen,CN,2020-08-24 00:21:20,29.29,117.21,84.78,73,0,1.43
89,Lebu,CL,2020-08-24 00:15:43,-37.62,-73.65,50.94,90,100,18.03
90,Cape Town,ZA,2020-08-24 00:12:45,-33.93,18.42,59.0,93,40,8.05
91,Esperance,AU,2020-08-24 00:11:12,-33.87,121.9,48.2,100,64,9.17
92,Ardmore,US,2020-08-24 00:21:22,34.17,-97.14,91.4,27,1,3.36
93,Georgetown,MY,2020-08-24 00:11:07,5.41,100.34,78.8,94,20,2.24
94,Yar-Sale,RU,2020-08-24 00:15:20,66.83,70.83,49.84,95,49,13.2
95,Ayorou,NE,2020-08-24 00:21:23,14.73,0.92,88.39,50,99,16.24
96,Uyar,RU,2020-08-24 00:21:23,55.81,94.32,55.22,85,100,7.54
97,Longyearbyen,SJ,2020-08-24 00:15:58,78.22,15.64,39.2,69,5,8.05
98,Cayenne,GF,2020-08-24 00:11:19,4.93,-52.33,75.2,100,40,3.36
99,Zharkent,KZ,2020-08-24 00:21:24,44.16,80.0,69.37,31,87,6.55
100,Bredasdorp,ZA,2020-08-24 00:11:02,-34.53,20.04,55.4,93,100,2.24
101,Vestmannaeyjar,IS,2020-08-24 00:15:37,63.44,-20.27,51.96,76,64,4.41
102,Cabo San Lucas,MX,2020-08-24 00:15:36,22.89,-109.91,91.4,58,5,10.29
103,Karratha,AU,2020-08-24 00:15:00,-20.74,116.85,81.0,23,48,2.82
104,Saint-Pierre,RE,2020-08-24 00:18:44,-21.34,55.48,66.2,59,15,6.93
105,San Andres,CO,2020-08-24 00:20:20,12.58,-81.7,86.0,74,40,5.82
106,Kidal,ML,2020-08-24 00:21:25,18.44,1.41,89.35,40,91,7.09
107,Pisco,PE,2020-08-24 00:15:18,-13.7,-76.22,62.6,82,90,9.17
108,Mangrol,IN,2020-08-24 00:21:26,21.12,70.12,81.19,85,100,20.24
109,Hamilton,US,2020-08-24 00:11:47,39.18,-84.53,82.4,61,1,4.7
110,Vung Tau,VN,2020-08-24 00:17:51,10.35,107.08,81.12,81,40,7.45
111,Gamba,GA,2020-08-24 00:21:26,-2.65,10.0,73.02,84,91,6.73
112,Kudahuvadhoo,MV,2020-08-24 00:11:17,2.67,72.89,82.38,70,78,1.79
113,Avarua,CK,2020-08-24 00:15:04,-21.21,-159.78,78.8,69,6,5.82
114,Butaritari,KI,2020-08-24 00:14:56,3.07,172.79,83.25,68,68,8.08
115,Kaeo,NZ,2020-08-24 00:16:28,-35.1,173.78,63.0,3,78,10.0
116,Talnakh,RU,2020-08-24 00:16:57,69.49,88.4,59.0,77,100,15.66
117,Teya,RU,2020-08-24 00:21:28,60.38,92.63,52.74,81,70,1.74
118,Meulaboh,ID,2020-08-24 00:15:52,4.14,96.13,76.69,85,83,5.7
119,Te Anau,NZ,2020-08-24 00:16:05,-45.42,167.72,50.4,66,82,1.12
120,The Valley,AI,2020-08-24 00:16:49,18.22,-63.06,84.2,79,75,11.41
121,Bubaque,GW,2020-08-24 00:16:22,11.28,-15.83,80.71,82,98,10.18
122,Qaanaaq,GL,2020-08-24 00:14:59,77.48,-69.36,36.5,88,100,2.93
123,Alofi,NU,2020-08-24 00:16:16,-19.06,-169.92,80.6,65,40,17.22
124,Severo-Kurilsk,RU,2020-08-24 00:15:35,50.68,156.12,55.29,78,44,3.53
125,Alyangula,AU,2020-08-24 00:21:29,-13.85,136.42,77.0,57,0,8.05
126,Sezze,IT,2020-08-24 00:21:30,41.5,13.06,73.0,87,0,0.45
127,Dire,ML,2020-08-24 00:21:30,12.28,-10.97,73.18,92,85,2.84
128,Callaway,US,2020-08-24 00:21:30,30.15,-85.57,77.0,94,90,6.93
129,Bluff,NZ,2020-08-24 00:10:18,-46.6,168.33,55.99,79,27,5.99
130,Nurota,UZ,2020-08-24 00:21:31,40.56,65.69,77.0,29,54,9.17
131,Vaini,TO,2020-08-24 00:15:18,-21.2,-175.2,82.4,74,20,8.05
132,Ancud,CL,2020-08-24 00:15:03,-41.87,-73.82,46.4,93,90,6.93
133,Cap Malheureux,MU,2020-08-24 00:16:00,-19.98,57.61,71.01,75,27,5.99
134,Dandong,CN,2020-08-24 00:21:31,40.13,124.39,70.29,89,100,10.6
135,Ekimchan,RU,2020-08-24 00:21:32,53.07,132.97,60.89,66,100,3.33
136,Pevek,RU,2020-08-24 00:12:06,69.7,170.31,37.78,96,100,2.17
137,Samfya,ZM,2020-08-24 00:19:04,-11.36,29.56,61.59,63,19,6.96
138,San Luis,AR,2020-08-24 00:21:32,-33.3,-66.34,54.93,37,0,6.98
139,Soyo,AO,2020-08-24 00:21:33,-6.13,12.37,72.82,91,50,7.25
140,Mayo,US,2020-08-24 00:16:01,38.89,-76.51,84.2,70,1,3.36
141,Lubbock,US,2020-08-24 00:21:33,33.6,-101.83,91.4,27,1,12.75
142,East London,ZA,2020-08-24 00:14:54,-33.02,27.91,59.45,76,20,7.54
143,Pakxan,LA,2020-08-24 00:21:34,18.38,103.66,75.87,94,100,0.58
144,Gravdal,NO,2020-08-24 00:21:34,68.12,13.5,52.68,78,68,15.9
145,Belle Fourche,US,2020-08-24 00:21:34,44.67,-103.85,90.0,31,1,9.17
146,New Norfolk,AU,2020-08-24 00:11:07,-42.78,147.06,48.99,81,9,4.54
147,Tiksi,RU,2020-08-24 00:15:29,71.69,128.87,40.05,77,97,12.64
148,Nhulunbuy,AU,2020-08-24 00:21:35,-12.23,136.77,82.4,54,40,16.11
149,Codrington,AU,2020-08-24 00:15:04,-38.27,141.97,45.97,84,86,7.74
150,Chicaman,GT,2020-08-24 00:21:35,15.4,-90.77,64.22,99,100,0.67
151,Ilulissat,GL,2020-08-24 00:14:59,69.22,-51.1,42.8,75,0,3.51
152,Nisia Floresta,BR,2020-08-24 00:21:36,-6.09,-35.21,77.0,73,94,11.41
153,Upernavik,GL,2020-08-24 00:15:36,72.79,-56.15,43.25,88,94,0.94
154,Victoria,HK,2020-08-24 00:11:51,22.29,114.16,84.99,83,18,8.01
155,Tuktoyaktuk,CA,2020-08-24 00:15:15,69.45,-133.04,69.8,56,75,11.41
156,Pobe,BJ,2020-08-24 00:21:37,6.98,2.66,69.73,95,43,3.65
157,Kodiak,US,2020-08-24 00:15:28,57.79,-152.41,59.32,76,89,5.59
158,Posse,BR,2020-08-24 00:21:38,-14.09,-46.37,71.13,60,34,10.25
159,Kurilsk,RU,2020-08-24 00:21:38,45.23,147.88,63.0,69,95,3.0
160,Palana,RU,2020-08-24 00:21:40,59.12,159.97,45.16,90,100,8.41
161,Nikolskoye,RU,2020-08-24 00:10:58,59.7,30.79,61.0,87,98,4.47
162,Kuala Terengganu,MY,2020-08-24 00:18:27,5.33,103.14,77.0,94,20,3.36
163,Antsohihy,MG,2020-08-24 00:21:40,-14.88,47.99,68.79,67,82,9.15
164,Andenes,NO,2020-08-24 00:21:40,69.31,16.12,51.8,81,100,9.17
165,Muravlenko,RU,2020-08-24 00:21:41,63.79,74.52,51.62,89,100,5.1
166,Nalut,LY,2020-08-24 00:21:41,30.33,10.85,77.09,46,0,11.74
167,Kristiansund,NO,2020-08-24 00:21:21,63.11,7.73,46.4,81,92,20.8
168,Presidente Olegario,BR,2020-08-24 00:21:41,-18.42,-46.42,61.0,30,54,6.4
169,College,US,2020-08-24 00:21:42,64.86,-147.8,68.0,56,75,3.65
170,Jardim,BR,2020-08-24 00:15:39,-21.48,-56.14,64.45,75,0,6.24
171,Samarai,PG,2020-08-24 00:21:43,-10.62,150.67,76.26,77,100,13.91
172,Albuquerque,US,2020-08-24 00:21:43,35.08,-106.65,93.99,14,75,6.93
173,Sinnamary,GF,2020-08-24 00:15:12,5.38,-52.95,80.17,83,64,11.07
174,Lowestoft,GB,2020-08-24 00:21:44,52.48,1.75,60.01,95,83,1.01
175,Zhigansk,RU,2020-08-24 00:11:25,66.77,123.37,44.2,75,17,16.2
176,Makakilo City,US,2020-08-24 00:21:44,21.35,-158.09,91.4,46,75,9.17
177,Staunton,US,2020-08-24 00:21:45,38.15,-79.07,77.0,73,1,8.05
178,Arraial Do Cabo,BR,2020-08-24 00:14:58,-22.97,-42.03,67.46,63,3,11.12
179,Binzhou,CN,2020-08-24 00:20:01,37.37,118.02,86.0,73,96,3.0
180,Taunggyi,MM,2020-08-24 00:21:45,20.78,97.03,63.73,100,100,3.42
181,Katsuura,JP,2020-08-24 00:16:23,35.13,140.3,84.99,68,99,5.99
182,Muros,ES,2020-08-24 00:16:43,42.78,-9.06,64.99,83,1,3.0
183,Half Moon Bay,US,2020-08-24 00:13:29,37.46,-122.43,78.01,69,40,8.05
184,Abapo,BO,2020-08-24 00:21:46,-18.83,-63.47,60.69,69,0,0.83
185,Inhambane,MZ,2020-08-24 00:17:04,-23.86,35.38,64.56,77,0,8.01
186,Maceio,BR,2020-08-24 00:14:40,-9.67,-35.74,71.6,88,20,2.24
187,Luderitz,NA,2020-08-24 00:16:16,-26.65,15.16,56.79,73,0,9.31
188,Portland,US,2020-08-24 00:12:35,45.52,-122.68,84.0,32,20,8.05
189,Puerto Ayora,EC,2020-08-24 00:15:19,-0.74,-90.35,66.99,86,72,3.0
190,Apomu,NG,2020-08-24 00:21:48,7.33,4.18,69.24,95,90,1.57
191,Bilma,NE,2020-08-24 00:21:48,18.69,12.92,92.12,37,38,15.97
192,Lichinga,MZ,2020-08-24 00:21:48,-13.31,35.24,59.0,87,75,6.93
193,Deputatskiy,RU,2020-08-24 00:21:49,69.3,139.9,34.21,88,99,5.91
194,Port Elizabeth,ZA,2020-08-24 00:15:31,-33.92,25.57,55.4,87,99,8.05
195,The Pas,CA,2020-08-24 00:21:49,53.83,-101.25,75.2,38,20,8.5
196,Ust-Kan,RU,2020-08-24 00:21:49,50.93,84.76,43.2,81,100,2.28
197,Narsaq,GL,2020-08-24 00:15:14,60.92,-46.05,48.2,76,20,2.24
198,Klaksvik,FO,2020-08-24 00:15:43,62.23,-6.59,44.6,93,73,1.12
199,Nizwa,OM,2020-08-24 00:21:50,22.93,57.53,86.54,53,100,0.6
200,Kiruna,SE,2020-08-24 00:21:50,67.86,20.23,46.4,87,57,4.7
201,Digby,CA,2020-08-24 00:21:50,44.62,-65.77,64.99,89,100,11.01
202,Kaitangata,NZ,2020-08-24 00:10:59,-46.28,169.85,53.01,91,96,8.01
203,Navirai,BR,2020-08-24 00:21:51,-23.07,-54.19,60.39,83,0,7.99
204,Morro Bay,US,2020-08-24 00:21:51,35.37,-120.85,82.99,77,81,1.99
205,Moron,AR,2020-08-24 00:21:51,-34.65,-58.62,62.01,58,0,8.05
206,Sarai Sidhu,PK,2020-08-24 00:21:51,30.59,71.97,87.8,70,17,6.93
207,Mao,ES,2020-08-24 00:21:51,39.89,4.27,71.6,68,0,8.05
208,Tobermory,CA,2020-08-24 00:21:52,45.25,-81.67,70.0,86,11,8.3
209,Lagoa,PT,2020-08-24 00:16:01,39.05,-27.98,72.99,90,0,14.34
210,Vaitape,PF,2020-08-24 00:21:52,-16.52,-151.75,77.68,77,15,18.41
211,Houma,US,2020-08-24 00:21:52,29.6,-90.72,81.0,88,75,5.82
212,Synya,RU,2020-08-24 00:21:53,65.37,58.04,43.47,84,10,3.94
213,Ereymentau,KZ,2020-08-24 00:21:53,51.62,73.1,51.4,88,0,3.6
214,Okhotsk,RU,2020-08-24 00:21:53,59.38,143.3,53.98,62,38,4.0
215,Ostrovnoy,RU,2020-08-24 00:21:54,68.05,39.51,56.75,90,51,17.63
216,Lubango,AO,2020-08-24 00:21:54,-14.92,13.49,60.06,55,16,1.1
217,Hearst,CA,2020-08-24 00:21:54,49.68,-83.67,66.72,63,67,5.68
218,El Coyote,MX,2020-08-24 00:21:54,25.7,-103.27,93.2,18,75,10.29
219,Veraval,IN,2020-08-24 00:17:45,20.9,70.37,81.23,85,100,20.96
220,Port Hawkesbury,CA,2020-08-24 00:21:55,45.62,-61.35,69.8,56,75,8.05
221,Sao Joao Da Barra,BR,2020-08-24 00:15:11,-21.64,-41.05,64.89,72,3,11.61
222,Rivadavia,AR,2020-08-24 00:18:37,-33.19,-68.46,55.4,32,0,3.36
223,Socorro,US,2020-08-24 00:21:56,31.65,-106.3,98.6,16,20,9.17
224,Catacamas,HN,2020-08-24 00:21:57,14.8,-85.9,79.05,77,42,1.77
225,Archidona,ES,2020-08-24 00:21:57,37.1,-4.39,77.0,83,3,4.52
226,Chokurdakh,RU,2020-08-24 00:16:33,70.63,147.92,36.66,81,100,10.56
227,Toamasina,MG,2020-08-24 00:21:57,-18.17,49.38,66.2,93,75,6.93
228,Sambava,MG,2020-08-24 00:15:14,-14.27,50.17,68.56,81,81,10.83
229,Bartlesville,US,2020-08-24 00:21:58,36.75,-95.98,89.6,38,1,6.93
230,Cidreira,BR,2020-08-24 00:15:24,-30.18,-50.21,60.87,83,0,17.47
231,Saint George,US,2020-08-24 00:12:41,37.1,-113.58,104.0,17,1,6.93
232,Cherskiy,RU,2020-08-24 00:15:21,68.75,161.3,38.86,93,100,10.33
233,Sitka,US,2020-08-24 00:15:13,57.05,-135.33,57.2,87,90,3.36
234,Ranau,MY,2020-08-24 00:21:59,5.95,116.66,78.8,88,20,4.7
235,Tilichiki,RU,2020-08-24 00:15:54,60.47,166.1,53.71,61,64,11.1
236,Annau,TM,2020-08-24 00:21:59,37.89,58.52,77.0,38,75,23.04
237,Salym,RU,2020-08-24 00:21:59,60.06,71.48,49.21,97,87,5.55
238,Bambous Virieux,MU,2020-08-24 00:15:12,-20.34,57.76,71.6,73,40,18.34
239,Stawell,AU,2020-08-24 00:22:00,-37.05,142.77,44.71,69,41,3.76
240,Laguna,US,2020-08-24 00:15:31,38.42,-121.42,96.8,14,1,13.87
241,Mount Pleasant,US,2020-08-24 00:21:25,32.79,-79.86,80.01,100,40,8.12
242,Port Lincoln,AU,2020-08-24 00:16:27,-34.73,135.87,51.6,71,71,5.12
243,San Pablo,PH,2020-08-24 00:22:01,14.07,121.33,86.0,78,100,1.12
244,Labuan,MY,2020-08-24 00:22:01,5.28,115.24,75.2,100,20,6.51
245,Jeremie,HT,2020-08-24 00:22:01,18.65,-74.12,79.77,78,100,9.84
246,Acapulco,MX,2020-08-24 00:22:01,16.86,-99.89,84.2,79,75,2.24
247,Ambon,ID,2020-08-24 00:22:02,-3.7,128.18,84.2,70,40,4.7
248,Gondar,ET,2020-08-24 00:22:02,12.6,37.47,58.1,94,100,5.21
249,Tres Arroyos,AR,2020-08-24 00:19:19,-38.37,-60.28,50.97,67,12,12.68
250,Camacha,PT,2020-08-24 00:15:22,33.08,-16.33,73.4,78,40,10.29
251,Marang,MY,2020-08-24 00:22:02,5.21,103.21,77.0,94,20,3.36
252,Olafsvik,IS,2020-08-24 00:22:03,64.89,-23.71,50.09,74,6,5.35
253,Ust-Ishim,RU,2020-08-24 00:18:57,57.69,71.17,49.41,97,51,5.68
254,Yumen,CN,2020-08-24 00:22:03,40.28,97.2,68.76,24,15,2.68
255,Bemidji,US,2020-08-24 00:20:14,47.47,-94.88,78.8,74,40,4.7
256,Namatanai,PG,2020-08-24 00:15:01,-3.67,152.43,80.55,81,89,7.49
257,Kruisfontein,ZA,2020-08-24 00:15:42,-34.0,24.73,55.99,82,100,1.99
258,Sorland,NO,2020-08-24 00:11:23,67.67,12.69,52.83,80,30,17.92
259,Nyakahanga,TZ,2020-08-24 00:22:04,-1.6,31.14,64.38,58,29,1.66
260,Yanam,IN,2020-08-24 00:22:04,16.73,82.22,77.2,93,100,3.36
261,Menongue,AO,2020-08-24 00:22:05,-14.66,17.69,56.03,39,46,3.18
262,Najran,SA,2020-08-24 00:11:41,17.49,44.13,84.2,21,100,3.47
263,Thiers,FR,2020-08-24 00:22:05,45.83,3.5,57.2,82,48,2.24
264,Terney,RU,2020-08-24 00:22:05,45.05,136.61,69.35,64,85,4.72
265,Thinadhoo,MV,2020-08-24 00:22:05,0.53,72.93,83.23,71,86,7.92
266,Qui Nhon,VN,2020-08-24 00:22:06,13.77,109.23,80.37,77,100,3.91
267,Chicama,PE,2020-08-24 00:22:06,-7.84,-79.15,62.01,77,0,5.57
268,Gol,NO,2020-08-24 00:22:06,60.7,8.95,37.99,75,0,4.03
269,Mildura,AU,2020-08-24 00:22:06,-34.2,142.15,48.99,93,0,3.36
270,Kavaratti,IN,2020-08-24 00:16:45,10.57,72.64,81.82,80,94,15.28
271,Inirida,CO,2020-08-24 00:22:07,3.87,-67.92,73.24,96,100,2.17
272,Vallenar,CL,2020-08-24 00:22:07,-28.57,-70.76,53.2,70,1,4.21
273,Maldonado,UY,2020-08-24 00:18:26,-34.67,-54.92,57.2,76,0,11.41
274,Baiyin,CN,2020-08-24 00:22:07,36.56,104.21,48.2,100,0,7.27
275,Torbay,CA,2020-08-24 00:15:05,47.67,-52.73,63.0,59,20,12.75
276,Manakara,MG,2020-08-24 00:22:09,-22.13,48.02,63.28,92,7,6.44
277,Williams Lake,CA,2020-08-24 00:22:09,52.14,-122.14,62.6,48,75,8.05
278,Lazaro Cardenas,MX,2020-08-24 00:15:44,17.96,-102.2,82.8,83,34,5.14
279,Yuza,JP,2020-08-24 00:22:09,39.0,139.92,80.6,74,20,6.93
280,Aras,ES,2020-08-24 00:22:10,42.56,-2.36,64.4,68,33,10.29
281,Brae,GB,2020-08-24 00:15:59,60.4,-1.35,50.0,87,63,16.11
282,Amahai,ID,2020-08-24 00:22:10,-3.33,128.92,79.81,75,73,4.41
283,Tuatapere,NZ,2020-08-24 00:10:14,-46.13,167.68,55.99,79,49,5.99
284,Maragogi,BR,2020-08-24 00:17:43,-9.01,-35.22,72.79,81,92,4.5
285,Havoysund,NO,2020-08-24 00:22:12,71.0,24.66,51.8,100,75,13.87
286,Yatou,CN,2020-08-24 00:22:12,37.15,122.38,78.67,87,59,16.26
287,Salalah,OM,2020-08-24 00:15:08,17.02,54.09,77.0,94,90,6.93
288,Norman Wells,CA,2020-08-24 00:15:31,65.28,-126.83,71.6,43,20,17.22
289,Caibarien,CU,2020-08-24 00:16:06,22.52,-79.47,86.0,74,40,4.7
290,Njeru,UG,2020-08-24 00:22:14,0.42,33.17,64.85,74,39,2.82
291,Saint-Philippe,RE,2020-08-24 00:15:28,-21.36,55.77,66.2,59,36,6.93
292,Marsa Matruh,EG,2020-08-24 00:22:14,31.35,27.25,73.4,78,0,5.82
293,Zacapu,MX,2020-08-24 00:22:15,19.83,-101.72,73.99,83,75,4.65
294,Bereda,ES,2020-08-24 00:22:15,43.27,-7.54,59.0,100,8,3.83
295,Nanortalik,GL,2020-08-24 00:14:49,60.14,-45.24,44.28,86,0,6.44
296,Ongandjera,NA,2020-08-24 00:22:15,-17.88,15.07,66.99,26,0,6.24
297,Boueni,YT,2020-08-24 00:22:15,-12.9,45.08,73.4,83,57,3.36
298,Kununurra,AU,2020-08-24 00:22:16,-15.77,128.73,80.6,21,0,3.36
299,San Quintin,MX,2020-08-24 00:11:06,30.48,-115.95,78.84,60,0,11.88
300,Vilhena,BR,2020-08-24 00:22:16,-12.74,-60.15,77.0,53,24,4.7
301,Mar Del Plata,AR,2020-08-24 00:15:38,-38.0,-57.56,51.01,93,17,13.87
302,Porto Novo,BJ,2020-08-24 00:18:27,6.5,2.6,75.2,94,20,9.17
303,Abnub,EG,2020-08-24 00:22:17,27.27,31.15,78.8,50,0,11.41
304,Pochutla,MX,2020-08-24 00:16:22,15.74,-96.47,73.99,88,90,3.94
305,Bosobolo,CD,2020-08-24 00:22:17,4.18,19.9,70.43,92,100,0.98
306,La Ronge,CA,2020-08-24 00:22:18,55.1,-105.28,66.2,59,40,9.17
307,Juneau,US,2020-08-24 00:22:18,58.3,-134.42,57.99,93,90,6.93
308,Berdigestyakh,RU,2020-08-24 00:22:18,62.1,126.7,51.37,55,2,5.5
309,Balaipungut,ID,2020-08-24 00:22:18,1.05,101.28,73.4,94,20,1.88
310,Alta Floresta,BR,2020-08-24 00:17:26,-9.88,-56.09,80.58,32,1,2.73
311,Nevel,RU,2020-08-24 00:22:19,56.02,29.93,59.76,97,100,4.74
312,Ust-Ilimsk,RU,2020-08-24 00:22:19,58.0,102.66,55.56,94,100,2.19
313,Fortuna,US,2020-08-24 00:13:01,40.6,-124.16,62.01,87,20,13.87
314,Zitacuaro,MX,2020-08-24 00:22:20,19.44,-100.36,70.0,88,51,5.99
315,Ahipara,NZ,2020-08-24 00:15:22,-35.17,173.17,57.96,79,91,20.09
316,Nayoro,JP,2020-08-24 00:22:20,44.35,142.46,74.21,57,96,0.22
317,Sao Jose Da Coroa Grande,BR,2020-08-24 00:22:20,-8.9,-35.15,73.49,78,97,4.81
318,Abbeville,FR,2020-08-24 00:22:20,50.1,1.83,60.01,80,95,9.13
319,Buala,SB,2020-08-24 00:11:04,-8.14,159.59,83.46,74,95,6.49
320,Nombre De Dios,MX,2020-08-24 00:22:21,23.85,-104.23,82.4,18,40,13.87
321,Kamakwie,SL,2020-08-24 00:22:21,9.5,-12.23,73.63,96,100,5.06
322,Murgab,TM,2020-08-24 00:22:21,37.5,61.97,82.4,34,90,6.93
323,Hurricane,US,2020-08-24 00:22:21,37.18,-113.29,104.0,17,1,6.93
324,Chimbote,PE,2020-08-24 00:10:29,-9.09,-78.58,60.94,84,3,7.72
325,Los Llanos De Aridane,ES,2020-08-24 00:16:32,28.66,-17.92,73.99,83,9,16.11
326,Nelson Bay,AU,2020-08-24 00:16:23,-32.72,152.15,57.0,50,20,13.87
327,Hobyo,SO,2020-08-24 00:22:22,5.35,48.53,75.51,78,35,22.7
328,Hohhot,CN,2020-08-24 00:22:23,40.81,111.65,55.4,100,0,2.24
329,Chuy,UY,2020-08-24 00:15:15,-33.7,-53.46,53.62,85,0,11.25
330,Ratnagiri,IN,2020-08-24 00:22:23,16.98,73.3,79.43,85,100,9.1
331,Kavieng,PG,2020-08-24 00:15:11,-2.57,150.8,76.78,92,100,10.78
332,Muisne,EC,2020-08-24 00:22:24,0.6,-80.03,78.8,78,98,8.05
333,Sonamura,IN,2020-08-24 00:22:24,23.47,91.27,75.88,96,25,5.39
334,Nagyrabe,HU,2020-08-24 00:22:24,47.2,21.33,66.2,93,15,4.7
335,Ginir,ET,2020-08-24 00:22:24,7.13,40.7,58.68,86,81,11.86
336,Warmbad,NA,2020-08-24 00:22:24,-28.45,18.73,59.63,32,25,2.62
337,Newport,GB,2020-08-24 00:22:25,51.59,-3.0,61.0,90,93,8.93
338,Romny,UA,2020-08-24 00:22:25,50.75,33.47,60.21,53,0,9.53
339,Pacific Grove,US,2020-08-24 00:22:25,36.62,-121.92,66.2,72,20,8.05
340,Sarangani,PH,2020-08-24 00:22:26,5.4,125.46,83.1,75,34,7.58
341,Port Blair,IN,2020-08-24 00:15:13,11.67,92.75,81.21,83,99,8.34
342,Artesia,US,2020-08-24 00:20:23,33.87,-118.08,93.99,62,1,14.99
343,Bowen,AU,2020-08-24 00:22:26,-20.02,148.23,75.99,63,32,3.36
344,Lavrentiya,RU,2020-08-24 00:12:06,65.58,-171.0,48.34,91,100,5.19
345,Esil,KZ,2020-08-24 00:22:27,51.96,66.4,53.4,88,0,6.04
346,Lobito,AO,2020-08-24 00:22:27,-12.35,13.55,68.81,87,51,1.66
347,Sawtell,AU,2020-08-24 00:17:40,-30.38,153.1,60.8,31,0,11.41
348,Farah,AF,2020-08-24 00:22:27,32.5,62.5,75.34,18,0,1.92
349,Bathsheba,BB,2020-08-24 00:16:15,13.22,-59.52,82.4,78,40,8.05
350,Kapit,MY,2020-08-24 00:22:28,2.02,112.93,76.39,92,54,1.36
351,Tagusao,PH,2020-08-24 00:22:28,9.19,117.81,82.38,70,100,3.44
352,Borogontsy,RU,2020-08-24 00:22:28,62.67,131.17,48.69,51,98,5.68
353,Prince Rupert,CA,2020-08-24 00:16:17,54.32,-130.32,55.4,100,90,3.36
354,Sandnessjoen,NO,2020-08-24 00:22:28,66.02,12.63,50.0,81,64,14.99
355,Souillac,MU,2020-08-24 00:14:56,-20.52,57.52,71.6,73,40,18.34
356,Saint-Francois,FR,2020-08-24 00:22:29,46.42,3.91,55.99,87,43,1.3
357,Touros,BR,2020-08-24 00:15:06,-5.2,-35.46,73.4,83,20,5.82
358,Gat,IL,2020-08-24 00:22:04,31.61,34.76,77.0,30,0,1.01
359,Ouadda,CF,2020-08-24 00:22:30,8.08,22.4,66.52,95,100,1.59
360,Huarmey,PE,2020-08-24 00:15:36,-10.07,-78.15,61.65,81,5,8.46
361,Sioux Lookout,CA,2020-08-24 00:15:40,50.1,-91.92,77.0,73,75,3.36
362,Padang,ID,2020-08-24 00:16:15,-0.95,100.35,78.53,70,93,4.43
363,Dhidhdhoo,MV,2020-08-24 00:22:30,6.88,73.1,82.99,70,39,7.38
364,Linxia,CN,2020-08-24 00:22:30,35.6,103.21,57.99,62,0,3.06
365,Parabel,RU,2020-08-24 00:22:31,58.7,81.48,48.87,94,76,4.5
366,Hukuntsi,BW,2020-08-24 00:22:31,-24.0,21.75,56.14,46,0,8.55
367,Taman,RU,2020-08-24 00:22:31,45.21,36.72,64.4,45,0,11.18
368,Atar,MR,2020-08-24 00:16:50,20.52,-13.05,92.95,41,30,16.8
369,Raymond,US,2020-08-24 00:21:09,43.9,-70.47,72.0,94,93,2.51
370,Srivardhan,IN,2020-08-24 00:22:32,18.03,73.02,80.26,85,100,10.27
371,Ewa Beach,US,2020-08-24 00:22:32,21.32,-158.01,89.6,46,40,8.05
372,Shenjiamen,CN,2020-08-24 00:22:32,29.96,122.3,82.15,81,0,11.79
373,La Orilla,MX,2020-08-24 00:22:33,17.98,-102.23,82.53,84,36,4.97
374,Miles City,US,2020-08-24 00:22:33,46.41,-105.84,87.8,18,1,8.05
375,Kyren,RU,2020-08-24 00:22:33,51.68,102.14,53.47,69,7,0.56
376,Dryden,CA,2020-08-24 00:22:33,49.78,-92.75,75.2,73,90,5.82
377,Elat,IL,2020-08-24 00:17:35,29.56,34.95,87.8,58,0,13.87
378,Axim,GH,2020-08-24 00:16:06,4.87,-2.24,74.25,87,28,7.29
379,Cascais,PT,2020-08-24 00:22:34,38.7,-9.42,69.01,88,3,14.18
380,Bandar-E Lengeh,IR,2020-08-24 00:22:34,26.56,54.88,89.6,79,0,13.87
381,Mogwase,ZA,2020-08-24 00:22:34,-25.18,27.27,52.2,46,0,1.92
382,Agadez,NE,2020-08-24 00:13:06,19.75,10.25,85.78,46,70,12.35
383,Bam,IR,2020-08-24 00:16:13,29.11,58.36,88.52,27,71,6.71
384,Iquique,CL,2020-08-24 00:22:35,-20.22,-70.14,60.8,72,90,13.87
385,Lethem,GY,2020-08-24 00:22:35,3.38,-59.8,77.27,83,76,4.18
386,Udachnyy,RU,2020-08-24 00:15:52,66.42,112.4,48.2,61,0,2.24
387,Shar,KZ,2020-08-24 00:22:36,49.59,81.05,61.2,48,100,4.21
388,Impfondo,CG,2020-08-24 00:16:18,1.64,18.07,71.22,93,66,1.68
389,Kahului,US,2020-08-24 00:15:16,20.89,-156.47,93.2,41,40,23.04
390,Misratah,LY,2020-08-24 00:22:36,32.38,15.09,81.12,76,40,12.17
391,Iwanai,JP,2020-08-24 00:22:36,42.97,140.51,78.51,57,30,1.74
392,Mehamn,NO,2020-08-24 00:15:42,71.04,27.85,53.2,92,100,16.84
393,Non Sang,TH,2020-08-24 00:22:37,16.87,102.57,78.8,88,75,3.36
394,San Ramon,US,2020-08-24 00:19:23,37.78,-121.98,90.0,37,90,10.29
395,Opotiki,NZ,2020-08-24 00:22:37,-38.08,177.28,57.99,90,96,1.01
396,Broken Hill,AU,2020-08-24 00:15:14,-31.95,141.43,46.4,70,40,8.05
397,Sovetskiy,RU,2020-08-24 00:22:38,61.36,63.58,47.79,97,26,5.95
398,Bakchar,RU,2020-08-24 00:22:38,57.02,82.07,49.12,97,63,2.66
399,Bathurst,AU,2020-08-24 00:22:38,-33.42,149.58,37.99,85,7,1.99
400,Yulara,AU,2020-08-24 00:10:42,-25.24,130.99,59.0,30,0,6.93
401,Vanimo,PG,2020-08-24 00:22:39,-2.67,141.3,77.92,85,100,3.94
402,Port Macquarie,AU,2020-08-24 00:15:44,-31.43,152.92,60.01,43,0,4.0
403,Mareeba,AU,2020-08-24 00:16:42,-17.0,145.43,77.0,44,24,8.05
404,Ishinomaki,JP,2020-08-24 00:22:39,38.42,141.3,80.6,78,40,9.17
405,Coquimbo,CL,2020-08-24 00:16:46,-29.95,-71.34,55.4,58,75,3.36
406,Sungaipenuh,ID,2020-08-24 00:15:49,-2.08,101.38,66.0,90,86,3.96
407,Vimperk,CZ,2020-08-24 00:22:40,49.06,13.78,57.0,92,0,4.94
408,Odweyne,SO,2020-08-24 00:22:40,9.41,45.06,72.66,58,53,16.04
409,Mbeya,TZ,2020-08-24 00:22:40,-8.9,33.45,54.93,86,31,6.8
410,Jalu,LY,2020-08-24 00:22:40,29.03,21.55,78.6,44,0,12.82
411,Kishtwar,IN,2020-08-24 00:22:41,33.32,75.77,66.09,74,58,1.16
412,Amapa,BR,2020-08-24 00:22:41,1.0,-52.0,76.64,78,55,4.74
413,Barillas,GT,2020-08-24 00:22:41,15.8,-91.32,63.52,92,100,2.91
414,Broome,US,2020-08-24 00:22:42,42.25,-75.83,75.0,69,1,6.93
415,Sayyan,YE,2020-08-24 00:22:42,15.17,44.32,66.47,54,95,1.59
416,Tarko-Sale,RU,2020-08-24 00:22:43,64.92,77.78,52.0,94,9,5.77
417,Varzea Da Palma,BR,2020-08-24 00:22:43,-17.6,-44.73,62.44,77,77,4.03
418,Martin,US,2020-08-24 00:22:43,27.08,-80.42,87.01,83,90,6.93
419,Flinders,AU,2020-08-24 00:16:24,-34.58,150.86,57.0,52,0,11.01
420,Gold Coast,AU,2020-08-24 00:22:44,-28.0,153.43,63.0,31,0,5.82
421,Mitsamiouli,KM,2020-08-24 00:22:44,-11.38,43.28,74.97,71,41,2.59
422,Ulagan,RU,2020-08-24 00:22:44,50.63,87.96,46.98,67,100,1.39
423,Paso De Los Toros,UY,2020-08-24 00:22:45,-32.82,-56.52,56.21,74,1,13.94
424,Mahebourg,MU,2020-08-24 00:15:11,-20.41,57.7,71.6,73,40,18.34
425,Chapais,CA,2020-08-24 00:16:50,49.78,-74.85,62.6,55,40,3.36
426,Port Hardy,CA,2020-08-24 00:16:11,50.7,-127.42,60.8,82,75,5.82
427,Quatre Cocos,MU,2020-08-24 00:22:45,-20.21,57.76,71.6,73,40,18.34
428,Carutapera,BR,2020-08-24 00:16:22,-1.2,-46.02,76.24,91,41,6.85
429,Quelimane,MZ,2020-08-24 00:22:46,-17.88,36.89,63.37,87,11,1.3
430,Sobolevo,RU,2020-08-24 00:16:39,54.43,31.9,60.15,94,95,4.59
431,Egvekinot,RU,2020-08-24 00:22:46,66.32,-179.17,49.6,84,95,1.95
432,Morros,BR,2020-08-24 00:22:47,-9.45,-46.3,81.93,39,99,0.74
433,Beinamar,TD,2020-08-24 00:22:47,8.67,15.38,69.4,97,100,7.14
434,Rovaniemi,FI,2020-08-24 00:22:47,66.5,25.72,53.6,93,20,8.05
435,Zhigalovo,RU,2020-08-24 00:22:47,54.81,105.16,56.26,88,99,2.57
436,Kincardine,GB,2020-08-24 00:22:48,56.07,-3.72,52.0,93,75,4.7
437,Tukrah,LY,2020-08-24 00:22:48,32.53,20.58,76.12,81,0,6.51
438,Brooks,CA,2020-08-24 00:22:49,50.58,-111.89,79.0,26,63,1.99
439,Edson,CA,2020-08-24 00:22:49,53.58,-116.44,69.8,32,1,4.7
440,Tutoia,BR,2020-08-24 00:22:49,-2.76,-42.27,79.21,79,2,15.95
441,Homa Bay,KE,2020-08-24 00:22:49,-0.53,34.46,68.25,74,64,5.99
442,El Campo,US,2020-08-24 00:19:03,29.2,-96.27,87.8,40,1,9.17
443,Inuvik,CA,2020-08-24 00:20:34,68.35,-133.72,71.6,46,75,10.29
444,Hasaki,JP,2020-08-24 00:16:05,35.73,140.83,82.0,83,75,9.17
445,Asyut,EG,2020-08-24 00:22:50,27.18,31.18,78.8,50,0,11.41
446,Anito,PH,2020-08-24 00:22:50,12.45,125.29,83.08,78,3,4.7
447,Parsabad,IR,2020-08-24 00:22:50,39.65,47.92,59.0,100,90,2.24
448,Nizhniy Tsasuchey,RU,2020-08-24 00:22:51,50.52,115.13,59.31,84,88,5.7
449,Oyama,JP,2020-08-24 00:22:51,36.3,139.8,84.99,74,75,5.82
450,Alzamay,RU,2020-08-24 00:22:51,55.56,98.66,54.77,79,56,2.55
451,Tezu,IN,2020-08-24 00:22:51,27.92,96.17,77.04,78,100,2.48
452,Sault Sainte Marie,CA,2020-08-24 00:22:00,46.52,-84.33,73.4,73,1,3.36
453,San Pedro,PH,2020-08-24 00:22:52,14.35,121.02,86.0,78,100,1.12
454,Taoudenni,ML,2020-08-24 00:16:16,22.68,-3.98,100.58,9,0,11.54
455,Doka,SD,2020-08-24 00:22:53,13.52,35.77,69.28,98,100,7.96
456,Aklavik,CA,2020-08-24 00:16:05,68.22,-135.01,71.6,46,75,10.29
457,Kieta,PG,2020-08-24 00:22:54,-6.22,155.63,82.18,70,100,6.64
458,Anori,BR,2020-08-24 00:22:54,-3.77,-61.64,80.13,49,1,1.61
459,Sibolga,ID,2020-08-24 00:22:54,1.74,98.78,76.48,76,53,3.27
460,Lahad Datu,MY,2020-08-24 00:22:54,5.03,118.33,80.08,82,33,2.3
461,Mahibadhoo,MV,2020-08-24 00:16:21,3.78,72.97,82.71,66,80,1.54
462,Faya,SA,2020-08-24 00:22:55,18.39,42.45,69.8,72,45,3.6
463,Lata,PT,2020-08-24 00:16:20,40.16,-8.33,66.0,84,0,1.92
464,Ligayan,PH,2020-08-24 00:22:55,4.65,119.47,84.31,71,10,7.56
465,Pampa,US,2020-08-24 00:22:55,35.54,-100.96,91.4,26,1,12.75
466,Karasjok,NO,2020-08-24 00:22:56,69.47,25.51,59.0,77,87,18.34
467,Hervey Bay,AU,2020-08-24 00:22:56,-25.3,152.85,60.8,29,0,9.17
468,Baherden,TM,2020-08-24 00:22:56,38.44,57.43,75.13,36,0,15.97
469,Richards Bay,ZA,2020-08-24 00:22:57,-28.78,32.04,62.62,81,0,6.2
470,Clinton,US,2020-08-24 00:22:01,42.59,-82.92,86.0,78,40,6.93
471,Ohara,JP,2020-08-24 00:22:57,35.25,140.38,84.0,78,75,8.05
472,Puerto Del Rosario,ES,2020-08-24 00:22:57,28.5,-13.86,78.8,50,0,16.11
473,Puerto Colombia,CO,2020-08-24 00:15:57,10.99,-74.95,82.4,78,75,3.36
474,Ugoofaaru,MV,2020-08-24 00:22:58,5.67,73.0,82.65,71,84,5.97
475,Inta,RU,2020-08-24 00:22:58,66.03,60.17,41.72,84,0,4.7
476,Christchurch,NZ,2020-08-24 00:20:03,-43.53,172.63,57.99,87,90,9.17
477,Sussex,US,2020-08-24 00:22:58,41.18,-74.67,77.0,83,1,3.94
478,Bulungu,CD,2020-08-24 00:22:58,-4.55,18.6,75.97,73,97,2.08
479,Buchanan,LR,2020-08-24 00:16:44,5.88,-10.05,76.14,85,94,11.18
480,Altay,CN,2020-08-24 00:22:59,47.87,88.12,60.93,42,59,5.3
481,Puerto Ayacucho,VE,2020-08-24 00:16:58,5.66,-67.62,75.2,94,75,3.87
482,Asfi,MA,2020-08-24 00:22:59,32.3,-9.24,71.31,71,0,16.67
483,Buin,CL,2020-08-24 00:16:24,-33.73,-70.75,51.8,62,75,11.41
484,Port-Gentil,GA,2020-08-24 00:18:05,-0.72,8.78,77.0,83,75,12.97
485,Mount Isa,AU,2020-08-24 00:23:00,-20.73,139.5,66.2,22,2,12.75
486,Hirara,JP,2020-08-24 00:23:00,24.8,125.28,84.2,83,75,19.46
487,Cabedelo,BR,2020-08-24 00:15:26,-6.98,-34.83,69.8,94,61,5.82
488,Necochea,AR,2020-08-24 00:15:18,-38.55,-58.74,51.01,79,21,15.01
489,Talladega,US,2020-08-24 00:20:40,33.44,-86.11,80.6,69,40,8.05
490,Harper,LR,2020-08-24 00:16:07,4.38,-7.72,76.55,79,97,8.14
491,Pascagoula,US,2020-08-24 00:23:01,30.37,-88.56,82.4,74,1,5.82
492,Elko,US,2020-08-24 00:23:01,41.0,-115.5,95.0,15,43,3.0
493,Ibague,CO,2020-08-24 00:18:05,4.44,-75.23,78.8,74,40,4.7
494,Qasigiannguit,GL,2020-08-24 00:23:02,68.82,-51.19,42.8,80,0,1.66
495,Monrovia,LR,2020-08-24 00:16:50,6.3,-10.8,76.98,85,96,13.44
496,Ketchikan,US,2020-08-24 00:21:02,55.34,-131.65,57.2,100,90,8.05
497,Ode,NG,2020-08-24 00:23:02,7.79,5.71,69.28,97,100,3.29
498,Ayan,RU,2020-08-24 00:23:03,56.45,138.17,56.71,62,0,5.55
499,Sanmenxia,CN,2020-08-24 00:23:03,34.77,111.18,70.86,82,100,9.1
500,King City,US,2020-08-24 00:19:10,36.21,-121.13,88.0,30,81,4.0
501,Byron Bay,AU,2020-08-24 00:14:59,-28.65,153.62,60.01,40,0,19.46
502,Sur,OM,2020-08-24 00:15:28,22.57,59.53,78.31,81,38,10.38
503,Boddam,GB,2020-08-24 00:23:04,57.47,-1.78,52.0,87,90,4.7
504,Chaozhou,CN,2020-08-24 00:23:04,23.67,116.64,82.4,83,28,2.24
505,Cockburn Town,TC,2020-08-24 00:15:11,21.46,-71.14,84.4,80,100,24.52
506,Discovery Bay,US,2020-08-24 00:15:17,37.91,-121.6,91.4,33,1,6.93
507,Mabay,PH,2020-08-24 00:23:05,6.06,124.47,83.16,68,33,1.57
508,Fairbanks,US,2020-08-24 00:14:36,64.84,-147.72,68.0,52,90,4.0
509,Sechura,PE,2020-08-24 00:23:05,-5.56,-80.82,65.19,68,3,13.53
510,Maralal,KE,2020-08-24 00:23:06,1.1,36.7,56.52,87,80,3.74
511,Yuanping,CN,2020-08-24 00:23:06,38.72,112.76,66.67,76,34,6.71
512,Lorengau,PG,2020-08-24 00:15:04,-2.02,147.27,77.9,86,98,8.23
513,Feijo,BR,2020-08-24 00:23:06,-8.16,-70.35,71.56,66,2,0.2
514,Siguiri,GN,2020-08-24 00:23:06,11.67,-9.5,73.27,90,75,2.13
515,Vikulovo,RU,2020-08-24 00:23:07,56.82,70.61,46.69,96,6,6.67
516,Chkalovsk,RU,2020-08-24 00:23:07,56.76,43.24,57.2,82,98,6.71
517,Krasnoselkup,RU,2020-08-24 00:23:07,65.7,82.47,52.27,87,76,3.83
518,Bambanglipuro,ID,2020-08-24 00:23:07,-7.95,110.28,76.73,80,15,7.81
519,Mangai,CD,2020-08-24 00:23:08,-4.05,19.53,73.33,90,100,0.89
520,Hambantota,LK,2020-08-24 00:11:31,6.12,81.12,78.66,85,52,10.78
521,Popondetta,PG,2020-08-24 00:23:08,-8.75,148.25,85.62,58,98,3.09
522,Faanui,PF,2020-08-24 00:15:19,-16.48,-151.75,76.87,79,15,18.32
523,Bairnsdale,AU,2020-08-24 00:23:08,-37.83,147.62,52.0,72,64,3.0
524,Rawson,AR,2020-08-24 00:16:36,-43.3,-65.1,55.2,41,65,4.54
525,Haines Junction,CA,2020-08-24 00:23:09,60.75,-137.51,65.14,49,67,5.84
526,Neijiang,CN,2020-08-24 00:23:09,29.58,105.06,70.81,93,100,7.18
527,Meadow Lake,US,2020-08-24 00:23:10,34.8,-106.54,93.2,14,75,6.93
528,Sabha,LY,2020-08-24 00:23:10,27.04,14.43,78.22,30,0,7.94
529,Waingapu,ID,2020-08-24 00:23:11,-9.66,120.26,79.77,67,25,5.7
530,Hoquiam,US,2020-08-24 00:23:11,46.98,-123.89,70.0,64,1,11.41
531,Semey,KZ,2020-08-24 00:23:11,50.41,80.23,57.2,71,82,4.47
532,Coahuayana,MX,2020-08-24 00:23:11,18.73,-103.68,73.4,88,75,6.93
533,Isangel,VU,2020-08-24 00:11:12,-19.55,169.27,80.6,94,75,4.81
534,Torbat-E Jam,IR,2020-08-24 00:23:12,35.24,60.62,69.64,51,0,11.41
535,San Joaquin,VE,2020-08-24 00:23:12,10.26,-67.79,75.99,76,50,1.7
536,Zahesi,GE,2020-08-24 00:20:41,41.82,44.75,59.0,100,40,4.7
537,Beringovskiy,RU,2020-08-24 00:12:06,63.05,179.32,54.88,74,44,3.65
538,Shalya,RU,2020-08-24 00:23:13,57.25,58.73,45.81,94,48,3.38
539,Chernyakhovsk,RU,2020-08-24 00:23:13,54.63,21.82,57.16,91,13,5.64
540,Dongsheng,CN,2020-08-24 00:23:13,39.82,109.98,62.19,69,1,6.42
541,La Tuque,CA,2020-08-24 00:19:50,47.43,-72.78,60.31,80,51,3.04
542,Avera,US,2020-08-24 00:23:14,33.19,-82.53,77.0,81,40,6.24
543,Anchorage,US,2020-08-24 00:23:15,61.22,-149.9,63.0,67,90,5.82
544,Port Moresby,PG,2020-08-24 00:23:15,-9.44,147.18,78.8,69,75,14.99
545,Sangar,RU,2020-08-24 00:23:15,63.92,127.47,48.79,65,95,10.47
546,Nemuro,JP,2020-08-24 00:23:15,43.32,145.57,66.2,100,75,2.24
547,Imbituba,BR,2020-08-24 00:14:51,-28.24,-48.67,59.0,100,75,4.7
548,Kirillov,RU,2020-08-24 00:23:16,59.86,38.38,60.8,100,90,4.47
549,Itoman,JP,2020-08-24 00:16:32,26.12,127.67,80.01,100,75,39.15
550,Panguna,PG,2020-08-24 00:23:16,-6.32,155.48,76.03,80,100,3.15
551,Kuching,MY,2020-08-24 00:23:16,1.55,110.33,75.2,100,40,4.7
552,Gladstone,AU,2020-08-24 00:23:17,-23.85,151.25,66.2,25,0,6.93
553,Iralaya,HN,2020-08-24 00:23:17,15.0,-83.23,86.0,74,20,6.93
554,Srednekolymsk,RU,2020-08-24 00:12:06,67.45,153.68,38.91,74,100,10.69
555,Havre,FR,2020-08-24 00:23:17,49.58,0.33,60.8,77,90,16.11
556,Dingle,PH,2020-08-24 00:14:58,11.0,122.67,81.68,81,39,3.11
557,Pangnirtung,CA,2020-08-24 00:16:58,66.15,-65.71,47.39,73,100,3.53
558,Bolshoye Nagatkino,RU,2020-08-24 00:23:18,54.52,47.97,55.4,93,15,4.47
559,Hwange,ZW,2020-08-24 00:19:04,-18.37,26.5,57.78,72,30,1.19
560,Hofn,IS,2020-08-24 00:16:23,64.25,-15.21,49.98,79,97,4.59
